,uuid,language,age,practical_experience,formal_experience,knows_ai_music
0,f7e445e4-3932-4d78-8fa3-9e048c3d93f8,portuguese,28.0,3.0,0.0,False
1,ca99038e-2b19-4f17-a20c-7e4dcfb666c3,,,,,False
2,de094496-ea22-42a8-b3d7-f32d21abdfae,,,,,False
3,4d0a7e46-f950-45f3-bb1c-8f151c552492,portuguese,19.0,1.0,0.0,False
4,07df4321-2911-4325-baca-b7354cc64ed2,portuguese,24.0,3.0,1.0,True
5,a7cccb49-bcc9-41b5-bced-abd9cfaeb9a6,portuguese,20.0,0.0,0.0,True
6,a2407d61-36a7-49e6-bd73-f6ecf950dd64,portuguese,26.0,1.0,1.0,True
7,93258826-c68e-450a-88ab-67f22d26b3c7,portuguese,20.0,0.0,1.0,False
8,c92f64fc-4227-43e7-bf17-71dc1f32453b,portuguese,20.0,1.0,1.0,False
9,1277cc3a-403c-4c7c-a79d-49577c787f01,portuguese,30.0,0.0,0.0,False
10,0872036c-547a-4221-9e96-e040f77d353a,portuguese,19.0,0.0,0.0,True
11,0399a6cc-eccf-4a27-8699-3b63ed6e65d9,portuguese,63.0,0.0,0.0,False
12,a2bc24e9-f1e8-4781-856d-bf8c16bf9f16,,,,,False
13,6c7b5fc8-b01e-482b-b1ed-0a3674f67482,portuguese,22.0,3.0,2.0,False
14,e3ba6a69-39e6-4faf-ae97-490707d48c09,portuguese,29.0,3.0,3.0,True
15,90352dd1-590c-47bd-b87c-d413ace26ef8,,,,,False
16,41679f88-e298-4d35-80e6-e0c1d66e7525,portuguese,14.0,0.0,1.0,True
17,1bfce5a0-9029-47cc-af0f-423dd66bbb30,,,,,False
18,deeab0e6-ad56-4510-95f4-897464951a82,,,,,False
19,28e643ea-6a54-4fcd-9282-13a196be7e36,portuguese,21.0,0.0,0.0,True
20,edc85231-b42c-4cc9-ac8d-c4b55cdcf75b,,,,,False
21,5d2ca4a5-b72f-4045-b5bd-955f5b506adf,portuguese,21.0,1.0,0.0,False
22,00a8319b-9b19-42f5-8767-e004a03dab40,portuguese,23.0,2.0,2.0,True
23,ee995fcc-1b1c-4013-9e47-a72cb9cefa50,portuguese,41.0,3.0,2.0,True
24,164d64e8-edb5-4c64-8765-4c8680d8e58f,portuguese,43.0,0.0,0.0,False
25,18c1f3d5-5511-41b3-9bef-919e5a4bc284,,,,,False
26,1741009d-fff2-4443-b000-423b1816be33,,,,,False
27,4fd3b164-5f98-4bed-9508-18e4d217724f,portuguese,21.0,3.0,0.0,False
28,b7e78a93-bfb4-4b99-9b10-c0a407099ea8,portuguese,25.0,0.0,0.0,False
29,866ee2ae-2755-4cc0-9b07-ed46ce3e5d10,portuguese,50.0,0.0,0.0,False
30,b5f63d95-5d81-452c-97e1-a8cece3bd0f0,portuguese,21.0,0.0,3.0,True
31,dba4191c-a8a1-45b8-a44e-8dde0f4d68fd,portuguese,24.0,0.0,0.0,True
32,071453b9-1989-4d90-ac23-362b061fa2fe,,,,,False
33,cb49a67b-ea7d-4eed-9704-378383382741,portuguese,70.0,2.0,0.0,False
34,f6a19e89-cd6a-4bd6-a7a7-e9eead28189d,,,,,False
35,cb061d1f-8e43-4e12-b2ba-502891697fc4,portuguese,58.0,0.0,0.0,False
36,a101e4fc-d845-4a0f-b3b8-8751176294ac,portuguese,54.0,0.0,0.0,False
37,67d95bcf-65b4-4bfc-b1e4-daa647027cc3,portuguese,50.0,0.0,0.0,False
38,0e60551b-178e-48c9-8c89-4e3553a8440e,,,,,False
39,e42bf4d1-b3a0-48d4-8c86-edb73288391a,,,,,False
40,b1b26526-2a70-40ee-ad85-75e6e03e299a,,,,,False
41,147fc5a2-867a-4c90-a67e-2b3c5702b2be,portuguese,19.0,0.0,0.0,True
42,ea864cd5-d733-4a7a-9228-15e8442e002a,,,,,False
43,421cf5ce-6714-4b7f-b3b9-554120580c24,portuguese,19.0,0.0,0.0,True
44,8450bc9b-e4d5-4a83-a973-4362f9b996d3,portuguese,20.0,1.0,1.0,True
45,004c1238-c8fe-4acb-ac77-336997938d2c,,,,,False
46,de44d960-863f-491e-a44b-f1877a185020,english,30.0,3.0,1.0,False
47,d1f34a69-4309-4ffa-86d6-3efe9c3fa1ee,,,,,False
48,b2da47e7-ee60-42f5-ad30-b33cce3ba8b8,,,,,False
49,ac8a07c9-b101-4d02-93e4-7bfd4078206d,other,22.0,0.0,0.0,True
50,f1c683b0-f275-4a9f-b90d-ebcc46ed4861,portuguese,22.0,1.0,0.0,False
51,0f65292a-52f3-4310-adb0-1f1b82922d66,portuguese,19.0,1.0,0.0,True
52,8cacade7-6ba1-435f-b73c-2ab0acbcb767,portuguese,21.0,2.0,0.0,False
53,3d2edf66-acea-4b0d-905d-cb7f6bbd41e4,portuguese,61.0,0.0,0.0,False
54,ac2faf5d-8e40-4e5c-8c00-6f1b96d6853d,portuguese,24.0,1.0,0.0,False
55,7353c427-57d9-4fb5-9fcb-a3687a3c91ce,portuguese,21.0,1.0,1.0,False
56,b36defe7-0f46-4d9a-947f-4ab3cb039938,portuguese,21.0,3.0,3.0,True
57,4dde1edd-2eab-499b-aa30-c508cf199141,portuguese,38.0,3.0,1.0,False
58,3c891625-f4ec-41ba-9f1d-0e8dcadaf955,,,,,False
59,fb17f4f2-625d-41ea-adde-67c9218a1975,,,,,False
60,9dfe8215-f8c7-4379-b179-04c15b7285c0,,,,,False
61,49ae2210-4cb3-48ae-90d2-b00ee5c27803,portuguese,22.0,0.0,0.0,False
62,653c67fb-b3fb-422e-b072-c947e8bfbd69,,,,,False
63,354ede84-c06d-4ce4-8ecf-bdefa109a2c6,portuguese,24.0,1.0,0.0,False
64,f2591e95-d566-46fc-aa0d-8f1216a373ff,portuguese,20.0,1.0,0.0,True
65,248b7364-a2c9-4ec7-a74c-5e6e16a2327a,portuguese,20.0,2.0,2.0,False
66,4c619c29-00cd-46ed-bc09-0668bf2f5830,,,,,False
67,a42d2bc2-c837-48f1-98fe-4d0f3b9c119b,,,,,False
68,ff91b5a9-97ef-420d-871d-fc8852e29657,portuguese,36.0,2.0,3.0,False
69,db59b57f-4904-48f3-b16b-32255d4ec8bc,,,,,False
70,0ea8cdc7-0290-4e9e-aa10-6c2a65085c7a,portuguese,19.0,2.0,1.0,False
71,c5dbbc31-6de4-4b04-bcac-13c67b9bb431,portuguese,18.0,0.0,0.0,True
72,88bc6c4a-2055-4c7e-9970-0769ca7b0b36,,,,,False
73,938b63a6-31ac-4de6-bea9-4a8be5e3562f,portuguese,25.0,1.0,0.0,False
74,df071cbb-8dd5-45be-bbd7-145871688c4e,,,,,False
75,14454ca3-48cc-4792-b8ce-dac8d86bca31,portuguese,32.0,3.0,0.0,False
76,210874ba-f10e-44c2-9c6b-baf1dc9cd7ae,,,,,False
77,93cccffc-73ac-4945-9f38-c61bb3b745db,,,,,False
78,5185d9bf-ba21-4fdc-bed4-0598b4207918,,,,,False
79,1bb110aa-a2bf-411d-a02b-9d00d570264b,,,,,False
80,34ebf377-1d77-46a7-a025-7ec2b265fad6,,,,,False
81,47842abd-4433-40aa-a238-9b5be4a8fe59,portuguese,27.0,1.0,0.0,True
82,48dc1093-8083-4df4-a982-58b5e56748ef,portuguese,19.0,3.0,3.0,True
83,6bfcef47-19c7-45b3-b9de-02d123dedde8,,,,,False
84,f7afbcb1-434d-4ed2-96b5-796302734ca5,portuguese,20.0,0.0,0.0,False
85,9fcbe62d-71f4-410e-a699-5b568acf92d0,portuguese,22.0,0.0,0.0,True
86,92c522a7-2e2f-48f9-9ed1-604a028b4be9,portuguese,18.0,0.0,0.0,False
87,17096eae-e8d0-4257-90c4-102b9e8b45ea,portuguese,24.0,2.0,2.0,False
88,6ba25c20-f40a-49c3-9d8d-8352d584cf35,portuguese,29.0,0.0,0.0,False
89,46684a62-2d68-42dc-83dc-c0130d8785dd,portuguese,19.0,3.0,0.0,True
90,e199f026-9da3-4096-a767-e4523eef3697,portuguese,26.0,0.0,0.0,False
91,bcc3812b-08fa-4162-bf74-a30ed8644402,,,,,False
92,89f6b6be-5e47-4d05-87ae-b0ad27edb31f,,,,,False
93,1aecf2a1-5dfa-42c7-8c27-d54121ac4f4c,,,,,False
94,e6928776-31fc-4524-a022-e612c79742ba,,,,,False
95,3e942c38-4abb-40f5-b02d-5eadbb8d63f6,portuguese,23.0,1.0,0.0,False
96,823e38f4-f9dc-4ab2-b8f0-9caa52ba2be5,portuguese,23.0,0.0,0.0,False
97,13d1b3ca-f63d-4018-ba43-ce54bd9a5704,portuguese,23.0,0.0,0.0,False
98,9de21a3c-a461-4e55-8424-bf9658f0cf27,,,,,False
99,cce0bd4c-389f-45db-bf44-b666c79695eb,portuguese,23.0,0.0,0.0,False
100,879bb042-fceb-4313-80c5-ad4baa51fe17,portuguese,23.0,0.0,0.0,False
101,de6a29d7-6ba9-4eac-8a74-689315886c92,portuguese,22.0,2.0,2.0,False
102,2f186a91-b67c-4cca-bdd4-d55bfc891e02,portuguese,19.0,1.0,0.0,False
103,d4ed76db-de4a-4333-b081-50eb7d5153b4,portuguese,22.0,0.0,0.0,False
104,05398713-0032-468d-a88c-c618e1840575,portuguese,50.0,1.0,0.0,False
105,5b0da80f-21b1-4efc-87d4-71f8d477beea,portuguese,23.0,0.0,0.0,True
106,9fe659f0-071a-471e-afa3-254dd2bfd028,,,,,False
107,847d7379-34ca-449d-a1a4-912caa766fef,,,,,False
108,7b2b02c4-40a3-4415-a2ef-b41ec99946b2,french,20.0,3.0,2.0,False
109,95052081-62e7-44c8-b4f0-734067f82b48,portuguese,35.0,3.0,0.0,False
110,f1dabe02-5e34-4d93-b816-6f005ec9f4e2,,,,,False
111,fae970f6-0447-4dcd-b054-f29231ba1276,,,,,False
112,6e3b40b3-3c00-41d7-8109-9a1522cfbf7d,portuguese,14.0,3.0,3.0,False
113,67491f71-80dc-4cc0-a2bc-47069b286cd6,,,,,False
114,29e8d44b-33b8-4730-9faf-9f4790f1c127,portuguese,21.0,1.0,0.0,True
115,89cea933-28f8-4382-9d9c-6563c3cb6c7a,french,19.0,3.0,3.0,False
116,a08b8f34-479c-40aa-8771-1c3bf110c1b1,portuguese,20.0,0.0,0.0,True
117,b25cbbda-77b2-4a69-9fdb-ab201bcbe409,portuguese,25.0,0.0,0.0,False
118,daa13e77-653f-4f1a-b701-7263cf29a75b,,,,,False
119,63d273b1-4314-42e8-aa74-470077bc1dbf,,,,,False
120,be68eabc-e696-4f34-a316-0081b9c9b9e9,portuguese,22.0,3.0,0.0,True
121,dd5a5384-93c4-4498-8e39-2f362a0fd9ed,portuguese,23.0,3.0,0.0,False
122,8ec89fe5-5452-415f-9a83-b83fdcab02a0,,,,,False
123,ecac27ef-26ff-47db-bdec-e79ba88e2084,,,,,False
124,83727819-7d27-4341-b5f5-496baa535ed4,portuguese,36.0,1.0,0.0,False
125,07e135a1-25b8-4ce2-baa7-06089209bd2e,,,,,False
126,2519cde6-0149-4f65-af30-3d9d6bf74b2b,portuguese,45.0,3.0,3.0,False
127,50cc1ee9-4674-4366-87c1-3991bb180492,,,,,False
128,3ec7579d-db27-48a9-81ec-6c8da0b8af9c,portuguese,51.0,2.0,3.0,False
129,65272aee-0e8b-49f5-b9c7-c61e6461e879,,,,,False
130,b9cf774d-8912-4dca-a5bd-e871b70be2b1,,,,,False
131,2b03fccf-8e5c-4ed2-8abe-6063fed34673,portuguese,22.0,0.0,0.0,False
132,23015a66-1eea-4310-95f6-c3d1aaeb15fa,,,,,False
133,a3d942f0-f9a6-403d-a9c0-31721f7f559c,portuguese,21.0,0.0,0.0,False
134,a5f507ad-3f13-433f-b5fa-3ad82761846b,portuguese,26.0,3.0,0.0,False
135,b1878033-d750-4d39-a1ba-a15536ed9b52,,,,,False
136,f7ff5893-7e2c-4c21-842b-e81f959880b1,portuguese,30.0,1.0,1.0,False
137,f210ae6f-2421-4ebb-835d-859bf2ed2006,portuguese,22.0,0.0,0.0,False
138,c695af52-ded5-4a94-97b6-0e051b68fe06,portuguese,35.0,1.0,1.0,False
139,2492d1fe-fcb5-43a9-a7d9-76b823ae3231,portuguese,70.0,1.0,1.0,False
140,f678a060-def3-4a63-9d04-8702266e58a5,,,,,False
141,b04e6174-8286-48a5-820f-fa82d1fe9247,portuguese,26.0,3.0,3.0,False
142,7426ccdc-8b2f-43a1-b26c-90ddf11e5109,portuguese,26.0,3.0,2.0,True
143,683cb7df-d234-494e-a4d2-e66a322bf821,,,,,False
144,a14fd61f-532d-4428-a975-a1009a18281a,,,,,False
145,3adbcfa2-4f14-4924-80af-5bf1525f88c4,,,,,False
146,700e715c-141d-4a25-bf69-6cacda07355b,,,,,False
147,5baa2b95-a44b-49a6-ae34-ec2b67d383dd,portuguese,22.0,0.0,0.0,False
148,232df57b-b2c7-4c93-a5ce-6c65f3140f6c,portuguese,18.0,2.0,2.0,True
149,5321db4b-e64c-4d86-84bc-820bc1e9d290,portuguese,25.0,3.0,3.0,False
150,90b645fb-aa8e-4cc5-8753-3eafccfd14e7,,,,,False
151,f30d9068-0252-456d-94ed-b88270ba4fdf,,,,,False
152,d28bce92-7769-4925-a36f-b6ca4058bb54,portuguese,25.0,1.0,1.0,False
153,38900093-fd5c-4734-9f92-53d497a86fec,portuguese,36.0,3.0,3.0,True
154,815f40d2-3637-4adb-98d0-8c5a3926d890,,,,,False
155,adcd1f6b-90fd-4ccd-a647-73b150a0b594,portuguese,50.0,3.0,3.0,False
156,cba7e894-fdcd-427d-8622-a21118ec29fa,portuguese,29.0,3.0,3.0,True
157,fe54ab90-9471-4d3c-836c-d1b606354e53,portuguese,50.0,0.0,0.0,True
158,2b3139e4-adc1-4784-8e20-8847d5019dcd,portuguese,21.0,3.0,1.0,False
159,34f5ba35-a891-4313-a15a-54461adf3a7c,portuguese,28.0,3.0,1.0,False
160,c711e904-5ff1-4a63-9528-3973238b5623,portuguese,22.0,2.0,2.0,False
161,1e8bae5d-4213-4add-955d-cd47802fad2f,portuguese,27.0,0.0,0.0,False
162,50cf519c-00e4-4ea0-a10b-2ee266cf0cab,portuguese,66.0,0.0,0.0,False
163,a54e20a1-9be3-42b4-bbce-a0f78e20cf32,portuguese,32.0,0.0,0.0,False
164,42a2d37c-3cb1-4d40-9f2f-2b5aaa8a52e3,portuguese,39.0,3.0,3.0,True
165,0f67f2c3-ca9c-4cff-85b2-74e363f8e8f6,portuguese,22.0,1.0,0.0,True
166,3a227e3b-e2d8-4eda-b7ef-dcbfef31447f,portuguese,24.0,0.0,0.0,False
167,c9a5b622-ecf9-47e8-9f01-faa1b263268e,portuguese,19.0,3.0,1.0,False
168,90bd3f35-989f-4f74-80b3-326c1d623d80,portuguese,36.0,3.0,3.0,False
169,a58bf092-dcd0-47fc-a209-b3f851faa02d,,,,,False
170,9cbfe1c1-5143-4f6e-9240-4e97b40acc47,,,,,False
171,db5813ed-f430-4a57-bb0f-ebc54df9cba5,portuguese,43.0,3.0,1.0,False
172,7e8fc57a-d0e2-4d38-8f3d-b90754483f55,,,,,False
173,e87b10f5-92fd-4cde-baba-e695634df249,,,,,False
174,5eb87f6c-e604-4e72-819b-add6b90c2201,portuguese,23.0,3.0,0.0,True
175,eed02994-6e01-4040-82c0-66558ea653a8,portuguese,62.0,0.0,0.0,False
176,7a37c4e7-077b-4b60-afa7-57f4835c2ddb,portuguese,25.0,3.0,2.0,False
177,d67692df-6dc5-4f27-9e2d-fe4be6cc1606,,,,,False
178,0d4be15e-43e9-4a5f-ab53-6d6a1a98c62e,other,42.0,3.0,3.0,True
179,d50c5659-d95a-4318-9525-5778a03d68af,portuguese,27.0,0.0,0.0,True
180,77c9dfb7-f8af-4af4-9120-b0631962ba4f,portuguese,22.0,2.0,2.0,False
181,5903aea0-2fdf-4019-b7a1-502d6c1e683b,,,,,False
182,8d4defe1-d717-4b80-9fc0-d47673443880,portuguese,37.0,0.0,0.0,False
183,2f8fc491-e5d1-46a2-9252-d63fbc66b336,portuguese,26.0,0.0,0.0,True
184,6bdf2dd3-1dd6-4c10-a752-ea82ebc58ec0,portuguese,34.0,3.0,1.0,False
185,8ea58424-107a-4641-b146-e427e16302bd,,,,,False
186,c6eeacba-f790-464d-855c-c278355c9b6b,portuguese,22.0,0.0,0.0,False
187,04350c99-3333-4c2b-829c-20370c39a0ad,portuguese,24.0,3.0,0.0,False
188,2fd5e9e3-c236-4e10-817f-05ff25e19cd8,,,,,False
189,fe44e994-40b0-43ef-844c-4f03b406aa34,portuguese,44.0,1.0,0.0,False
190,60149347-5572-4b6f-84e5-1e6a1849f9e0,portuguese,22.0,0.0,0.0,False
191,6b583232-e99a-445c-bb43-6798f32800a4,portuguese,22.0,1.0,0.0,False
192,6710a0f7-20bf-4a74-849c-d3359dfa953b,,,,,False
193,f0fc1dfe-e6ac-4081-962e-e637f6c8eae6,portuguese,27.0,1.0,0.0,False
194,db483722-6fe3-4900-8ace-52e7f991aa3f,portuguese,22.0,0.0,0.0,False
195,f70336c9-e228-4b70-9bd1-07c4fbe70138,portuguese,24.0,2.0,2.0,False
196,e5f7e89c-8026-4310-bc75-4dd055ee8d9e,,,,,False
197,1c75e235-331d-494e-bdb0-b44d083943e3,portuguese,22.0,1.0,1.0,False
198,8688f596-bff0-457c-8e85-2c9191c67eb0,portuguese,59.0,3.0,3.0,False
199,b7549604-e4ba-482a-8726-c425831ac550,portuguese,27.0,0.0,0.0,False
200,4e80fdbd-40f7-4c59-9128-44ad9dc44f95,,,,,False
201,8afb3647-dca7-431e-bb3e-619dc0d0438d,portuguese,35.0,0.0,0.0,False
202,465ea6cd-6789-4a56-9a09-5ce94458f1e9,portuguese,41.0,0.0,0.0,True
203,8ff1767e-7d54-4b20-b9e0-9198f321301f,portuguese,28.0,3.0,3.0,False
204,f55831ed-ffb2-43b5-bcae-c3cfbe9e3ae1,,,,,False
205,ab9d9376-d0e4-4e16-90a3-c716e6bf165d,portuguese,32.0,0.0,0.0,False
206,56ec5ddf-e2e6-42ad-b3ec-cea4414d5dbf,,,,,False
207,4174d612-7826-4cb6-9578-6a70fcf5705f,,,,,False
208,0e4c28f7-aabd-44b2-8a8d-a7ee7ea53253,,,,,False
209,3df83b5e-cf06-4636-a898-690c9f118b7b,portuguese,59.0,0.0,0.0,False
210,62a7b29f-6d0a-4d53-94e3-cf42e184a7af,,,,,False
211,e9f92b77-258a-4258-b116-ba998a8d80cc,portuguese,31.0,1.0,1.0,False
212,dad6659d-d51d-4b35-8850-66b778cc6eea,english,27.0,1.0,0.0,False
213,6ed2a02e-f962-463a-9121-fdf3e079e9b9,portuguese,22.0,0.0,0.0,True
214,783464a7-9601-4ea3-9a86-9db003d0ed59,portuguese,23.0,3.0,2.0,True
215,b232592a-a2e1-4120-8424-043b53aac1e3,portuguese,18.0,0.0,0.0,False
216,a895aeda-cd29-426d-8f2b-332d812587b5,portuguese,30.0,0.0,0.0,False
217,b75203cd-83b7-44ec-9171-d5ddf6070f0b,portuguese,32.0,0.0,0.0,False
218,747795d1-6247-48f7-8b69-f1398d3587f4,,,,,False
219,3f99118a-6b2b-4ce4-849c-fbee4e722a48,portuguese,22.0,0.0,0.0,False
220,65cb2547-b3cf-478e-96e1-ca0d3b8484e2,,,,,False
221,79ea739f-8d27-464c-b805-25a1b4a99887,portuguese,25.0,3.0,0.0,False
222,8c878afb-4b06-47e5-a3b8-5ec892c01348,portuguese,19.0,1.0,1.0,False
223,842fdb03-8e1d-4b1e-8f0b-d26418d2d409,portuguese,22.0,0.0,1.0,True
224,880b66a6-fea7-4969-a24e-8695af27522c,portuguese,20.0,0.0,0.0,True
225,2fd780aa-2933-4675-bcde-3ae5aa7c387e,portuguese,25.0,0.0,0.0,False
226,f29284cf-2644-4f76-bfa1-1c910b09cc2e,,,,,False
227,5d18ca66-1470-4d53-a859-1fe3f7ded781,portuguese,21.0,0.0,0.0,True
228,0ff4b7cd-e7c1-4591-9570-1c33cf03a48e,portuguese,25.0,2.0,0.0,True
229,9009ea0b-1ad6-4a16-8e54-c242c90a300e,,,,,False
230,aaca228b-7f61-4717-ac01-0bf6118b53fd,,,,,False
231,7c0136f6-142e-4e1b-833f-8a1876134785,,,,,False
232,b9839342-fa62-4ae9-978e-99977cdde4ba,portuguese,20.0,3.0,2.0,True
233,48392db2-787a-48bc-bc96-aa9b61de6a95,portuguese,20.0,0.0,0.0,False
234,ebe8a370-1789-4b74-8c20-825124c81a53,,,,,False
235,b06dd810-4b51-4039-9833-1a8666489852,portuguese,18.0,0.0,0.0,True
236,d77ecd76-0653-4803-9882-cf6a6387c5d7,,,,,False
237,1b7a7317-8ac4-4aee-9f00-84c3eb2d872b,,,,,False
238,1e3b8f40-b1a6-405a-a171-176099a3f798,portuguese,39.0,1.0,1.0,True
239,e2ec95bc-8444-4899-bb0e-12e1c07cf6db,portuguese,24.0,0.0,0.0,True
240,93e2f762-f8e0-4a94-9cf8-a85dd27f68a6,,,,,False
241,f7d81ece-0643-486d-b5ee-88d359889688,portuguese,32.0,0.0,0.0,False
242,8477b900-b564-490d-a594-93dd164e46f3,spanish,40.0,3.0,0.0,True
243,99eb2683-7a17-4255-905b-d7649f1b3338,,,,,False
244,09ba9581-220e-4f90-a3d1-862dbb50b99e,,,,,False
245,a3937cd1-5df7-4e7b-a1ca-5876d24185c1,italian,34.0,1.0,1.0,True
246,f71570d6-17bd-41ee-b809-c777d2ff9385,portuguese,38.0,1.0,0.0,True
247,eea95389-c7dd-47ba-954d-e52eb3b51e5b,french,33.0,3.0,2.0,False
248,a7e2a0c8-3786-4559-b7bd-d484d3324f2d,portuguese,31.0,0.0,0.0,True
249,14bbde80-f622-418a-9a0a-95f51546d3c6,english,48.0,1.0,0.0,False
250,1edbc093-05eb-4feb-9e3b-5972d930aa5d,portuguese,23.0,0.0,0.0,False
251,aacfae83-c1e0-4bd4-89db-877a85efe1d5,portuguese,28.0,0.0,0.0,False
252,f8153adf-8de7-4719-9f90-795819d92646,,,,,False
253,2d486d08-37f3-4358-ba18-0a92841813e2,,,,,False
254,1266a195-b0b9-4e3e-ba8d-2963a67a0bb3,,,,,False
255,41041a2d-acea-41fd-9c3e-8534824a3f35,,,,,False
256,62323045-4565-4fca-9e44-f68668a7a1ad,portuguese,18.0,1.0,0.0,False
257,ab4c4dea-deb3-4419-95ab-638c9951efad,english,25.0,3.0,1.0,True
258,a1a47de8-108f-4171-9441-873749e16885,portuguese,32.0,3.0,3.0,False
259,f4d2fcc2-283a-4bc5-a111-27082dca3602,portuguese,28.0,3.0,0.0,True
260,818c04f9-e5fb-44d1-a059-08a18114c70b,portuguese,60.0,2.0,2.0,True
261,ddfe63c2-2b46-4d48-961a-ea30f76e2087,portuguese,20.0,1.0,0.0,True
262,05bf4960-acab-4739-a06b-b819771ef2d7,portuguese,33.0,1.0,0.0,False
263,275bea76-e162-4f70-8cee-d0614758e5cd,portuguese,24.0,0.0,0.0,False
264,f1963b4f-6248-4268-bf70-a4878dbd61ce,portuguese,29.0,0.0,2.0,True
265,7cfc5ac5-ebf3-4c29-aa9f-61ebca64771e,portuguese,23.0,0.0,0.0,False
266,fbd3e4e3-7839-4e7b-a2fe-c39b188d3c1d,,,,,False
267,8d830b4a-160f-4e53-9013-1123c056bbeb,portuguese,28.0,1.0,0.0,False
268,19af5257-4e26-4131-82b5-18ddd5fa401b,portuguese,18.0,1.0,1.0,False
269,5367f267-c809-4f81-a504-1e79bef49751,portuguese,21.0,2.0,2.0,False
270,9919b6b4-4d5a-47e4-b20d-26890d5d02d0,portuguese,19.0,1.0,1.0,False
271,bfc22c25-81ad-46ef-b04a-05edd6999a2e,,,,,False
272,1f25212c-04bb-4a52-b9ee-12ddc09e3ad0,portuguese,26.0,0.0,0.0,False
273,4894a638-9a08-4073-95bb-3e88ba9c5bb2,,,,,False
274,5a7bcb62-1d09-4964-9cb7-25df759c6669,,,,,False
275,61bf693b-5560-45a4-b4c3-4c6dc7e983e4,portuguese,22.0,0.0,0.0,False
276,d0db9751-9455-4eb8-9efa-97346ab7a995,,,,,False
277,d21a7e68-3976-440f-90c2-3534565b9a83,portuguese,51.0,3.0,3.0,False
278,f04f6b53-1fea-4402-b57f-a7334f1e54c4,,,,,False
279,7afdf58a-358c-4f99-9513-5fd6ef9c4e7f,,,,,False
280,977ac7c4-440b-465a-bd65-df91f9014a28,portuguese,27.0,3.0,1.0,True
281,9a1cb518-f05b-4ca3-8f26-c94379475cc8,portuguese,23.0,0.0,0.0,False
282,16dff0dd-6d9d-4e46-9658-006c0fe7c31a,portuguese,42.0,3.0,1.0,True
283,1743b732-ee48-44ec-ba3f-e33c18645fa3,mandarin,23.0,3.0,2.0,True
284,65cabd8f-064d-4ea9-91d2-5545fdf5d799,portuguese,19.0,0.0,0.0,False
285,e4f7ff6f-66b4-46cf-bedc-50e87bda35f9,,,,,False
286,93b0c7b2-8b07-447d-a6d0-d1a4e6b8d3ee,portuguese,35.0,3.0,3.0,True
287,51da8ffc-77f1-41f3-b4a6-ea679682a91b,portuguese,33.0,0.0,0.0,False
288,e8072dfb-5848-4e2e-afb0-a4033b95419d,portuguese,41.0,3.0,3.0,False
289,74538d64-341f-4c02-a9b4-df9ae91d0af3,portuguese,37.0,0.0,0.0,False
290,0efa3001-671b-40bd-b855-61888970db51,,,,,False
291,2d21f000-296d-4298-8ebf-2da1bec10ec2,,,,,False
292,5f1d6f2d-7945-473b-b6b5-2c7188bb9bc0,portuguese,21.0,0.0,0.0,False
293,1a6c1125-0791-4361-9b04-c7e708bbe08a,,,,,False
294,37fed3de-54c9-4dd3-afab-7a5128f79ff6,portuguese,18.0,1.0,1.0,False
295,098a100a-a331-4117-b1fd-152069412566,,,,,False
296,c2e29922-ed4e-4426-b4e3-007018682b51,portuguese,20.0,0.0,0.0,False
297,08cd6e41-57e5-4c8b-adae-4acb45ceeb68,portuguese,18.0,2.0,2.0,False
298,aa15697b-37ab-4aaf-a42e-dad2afa48260,portuguese,24.0,0.0,0.0,False
299,d403dbd5-8eb0-493a-bc5f-f628d8927a82,german,38.0,3.0,3.0,True
300,bcb98a18-7962-4f35-a361-4f58c47c2929,portuguese,19.0,1.0,0.0,True
301,b18d8354-4891-4842-84e3-ca728ba2da14,portuguese,20.0,0.0,0.0,True
302,06edd4e6-2169-427c-9539-8f68cd5ed089,english,37.0,3.0,3.0,True
303,a39c8185-e619-452b-baa0-73c16303ef8b,portuguese,35.0,0.0,1.0,False
304,261cdb85-7a43-43e3-9220-57514ae0b5a4,portuguese,18.0,1.0,0.0,True
305,4962d4f9-9af8-4a1c-8c7e-ae09bd62771e,,,,,False
306,0e179b09-e050-4c03-956b-3cc9727ff22b,spanish,34.0,0.0,0.0,False
307,848b107c-f26b-4400-9e6a-c4dffe7c3c64,,,,,False
308,408b24fa-5cd8-48dd-9d14-8d3803baf575,portuguese,19.0,1.0,0.0,False
309,77f32726-6905-46d0-8ef6-498a0d44305f,,,,,False
310,b200b8c7-e914-4dda-beb6-6a57bee97706,portuguese,20.0,0.0,0.0,True
311,ba82b6b3-6bc1-485c-ab3e-3bc3c5354e4e,,,,,False
312,af9e4f2e-643b-49b4-a951-ff14ffb39e90,,,,,False
313,8712b5ab-6089-47ac-81a2-9f549c038844,portuguese,30.0,0.0,3.0,True
314,bd17afcd-b576-4812-9aef-f871196b9908,,,,,False
315,9ebbb7e3-9b99-4e33-b6b3-fa1ab4324c4c,portuguese,19.0,0.0,0.0,False
316,ae85a3e1-104e-4be3-90b1-bf785414a605,,,,,False
317,7d66b054-eefe-4469-8518-57c0bfc59e1e,,,,,False
318,e9ad3e03-3dc6-4dbd-a672-7e1f816fa509,portuguese,23.0,1.0,0.0,False
319,f97026e0-57f4-4841-9d7b-718f91f2ebe2,,,,,False
320,2ca90f2f-9c32-4cf2-8a30-b9bb63216a92,portuguese,34.0,1.0,0.0,False
321,44e08f9a-c96f-4018-a36f-24985a9ba5f1,,,,,False
322,cdbb1a71-2d46-4063-a398-533ed594ca53,,,,,False
323,9b86e681-34fd-405b-a767-36fd4d8cee63,portuguese,21.0,0.0,0.0,False
324,720d7a12-bf69-42e8-b900-37b2c1ef20a6,,,,,False
325,640860bb-9bab-449b-8666-bb11b6a1914c,,,,,False
326,1b1d51fa-2bc5-47b0-a439-67deb830f3ce,portuguese,29.0,1.0,0.0,False
327,a559928b-3043-4588-a2c0-c323d3e2a7f5,,,,,False
328,5327a6c9-7ae7-4850-9f7d-eb6845f767cc,portuguese,23.0,0.0,0.0,False
329,6cf6caac-cda6-4a01-be86-4b7a645dd2a5,portuguese,22.0,0.0,0.0,False
330,095e5c38-ffbc-4dba-9f38-3633364b5045,,,,,False
331,1484f969-f59d-484c-9726-a5a113d2caf4,portuguese,22.0,0.0,0.0,False
332,66142389-216c-4f2c-b2d0-765705ce1de8,portuguese,19.0,0.0,0.0,False
333,b4e3ce06-d4a0-4f9c-ab85-d68fec10fc88,portuguese,21.0,1.0,1.0,True
334,9129f4f3-3b69-455d-9981-cd85c6ef62b8,,,,,False
335,466e43c6-ad93-4118-886f-e721f51d1c34,portuguese,21.0,0.0,0.0,False
336,8333a994-2239-4030-98ac-066ec994ea1a,,,,,False
337,ac851bc8-35cc-4dfb-b37f-00b8329c9cc1,other,34.0,3.0,2.0,True
338,d98a9dbe-2c80-4e88-9c0d-833540823ea6,english,52.0,1.0,1.0,False
339,2fbe0469-31c8-41ee-8b2b-f46048c639ff,english,39.0,0.0,0.0,True
340,845ba8e8-9cb1-4330-a28a-bef93032353c,portuguese,32.0,1.0,1.0,False
341,b3033bd2-e92b-475e-821f-b21aa2678107,portuguese,25.0,1.0,0.0,False
342,5ff34178-ba2f-4758-ae04-dbfdd1da9433,english,38.0,3.0,3.0,True
343,b03a6767-dd3b-403a-b47a-bb74a2e18b3d,portuguese,31.0,3.0,0.0,False
344,58681ca7-ccfc-494f-8b5c-249cdf34c83a,,,,,False
345,53cd4b34-eb7a-461f-851b-923ddd541b75,,,,,False
346,a41378d7-07fc-4d55-8679-684d719599bc,portuguese,37.0,2.0,2.0,False
347,745ee18f-63be-4c39-b24c-454e065bd1cd,german,50.0,3.0,3.0,False
348,fe9c6079-c76d-4e8c-a532-46f5c263ae5b,portuguese,34.0,1.0,0.0,False
349,4660534c-cc26-4172-8f9e-7c416caf6fbe,portuguese,19.0,3.0,3.0,True
350,d6980435-0b6c-46b4-b6f3-ca1198fd0abc,,,,,False
351,3526a312-4b0e-4e95-9bb5-9661efe6deb7,portuguese,70.0,3.0,0.0,False
352,9ca1d945-c910-416a-a3fd-e4010fa17ec5,,,,,False
353,5a324d79-05b9-454a-bce1-0b24458f2235,portuguese,37.0,0.0,0.0,False
354,ae107e9c-07bf-4379-a39e-aafbaafaa64b,,,,,False
355,e42e9797-7304-40db-b2ea-5ad869b59852,,,,,False
356,a0dd353e-97aa-4f91-af1f-b0e72ecddcf0,portuguese,20.0,0.0,0.0,False
357,ef0cc89c-f117-4a9f-ac37-074c14e8e7a7,portuguese,55.0,0.0,0.0,True
358,87aa835d-7a42-4ef2-a45d-bef34c211d4c,portuguese,50.0,3.0,3.0,True
359,3d08b4c2-dd62-4766-b9f9-8e843822cfb0,portuguese,46.0,0.0,0.0,True
360,1799ac06-9c67-4dfd-b079-5515dfcbe4f4,portuguese,36.0,0.0,0.0,True
361,70cd252e-65d6-4507-aebe-ce8ea389772b,portuguese,63.0,0.0,0.0,True
362,c881d50d-7e40-44d8-b187-5edd466af753,,,,,False
363,c8f61303-1279-4355-9776-b9b1b102ce2e,,,,,False
364,a3747c3a-f4fc-4795-838f-1800787fb748,portuguese,21.0,0.0,0.0,True
365,0ba397e7-54c2-49ed-ac01-f4dd3a37c5c0,portuguese,22.0,0.0,0.0,True
366,5be5f23f-99dd-4db5-9e29-a7469235f1f7,,,,,False
367,b958b7b0-ed16-4b71-909b-19fb86f127c4,,,,,False
368,64cf50a2-fa22-4645-8a01-f597d026874c,portuguese,62.0,3.0,3.0,False
369,104b9570-0382-4508-96c8-8c3cad342718,,,,,False
370,1690fb75-6fd8-49ef-bef1-81c8e1c93f2e,portuguese,39.0,3.0,2.0,False
371,81ad7bfa-e3bb-4e71-9064-abb5e8d70926,portuguese,37.0,1.0,0.0,False
372,49302016-1a29-4323-8dd3-ba8be3ded5c2,portuguese,56.0,0.0,0.0,False
373,d6d99184-f0e8-499e-bc0a-6bdea0b81d1e,,,,,False
374,2458d938-b326-4496-9d90-0e11928874f9,,,,,False
375,780d255b-9169-442a-8416-ce4aa7dcc530,portuguese,21.0,0.0,0.0,False
376,dab6d137-2daa-4023-849a-c7247aabe1b3,other,36.0,0.0,0.0,True
377,3ef14e47-1030-4c35-b60e-4c3fde0937b5,portuguese,30.0,1.0,0.0,True
378,d3a04314-34c7-4163-855e-aca8836329ed,portuguese,25.0,0.0,0.0,False
379,37cdeb45-9322-47b3-a1f8-158b9c45688b,,,,,False
380,a1912879-f48f-41de-9a24-d3ef6a7961ef,,,,,False
381,092a90af-cfd9-4507-ad86-15cd6aec8aa6,,,,,False
382,a5aa4d2b-1cc0-4f39-a6ed-ee656ed00c3b,portuguese,72.0,3.0,3.0,False
383,6d628e07-53bd-4090-a375-e255bfa2e7fd,,,,,False
384,39fb00f0-8676-4ddb-b1c9-eeb64860f7c9,portuguese,42.0,1.0,0.0,False
385,27bddce3-e7cf-4bfc-a9e3-0742551f2c28,,,,,False
386,7cd4338c-79b6-4731-9e06-3b689a5344c8,,,,,False
387,50f76c91-fd13-4cf0-ae1b-0add81fc5c9a,,,,,False
388,1131a946-eebc-4034-b12b-14c9397446f9,portuguese,55.0,0.0,0.0,False
389,7507641d-9df6-441f-8c66-120e199f754f,,,,,False
390,3aaaff61-11c0-426a-ac43-8172de81a498,,,,,False
391,9d154ac4-f6af-4c9a-a186-f104fe03a95a,portuguese,55.0,3.0,0.0,True
392,e2880a45-415b-4510-9c77-c421d13376bf,portuguese,21.0,1.0,1.0,False
393,22244839-0e77-4cae-b4ea-5207ec14f526,,,,,False
394,a4bfbf1c-5085-41a1-a72e-80412ed344ce,,,,,False
395,6b785c58-e008-40a4-8fab-e7488123cc90,,,,,False
396,0d4f8199-481d-423d-8aff-0242de682fce,portuguese,29.0,0.0,0.0,False
397,d8f4d590-a25e-45c0-a23c-6881cc425e83,portuguese,54.0,3.0,1.0,False
398,2d6162a1-106a-4430-8984-34df200eddd8,portuguese,59.0,3.0,3.0,False
399,5328f81b-fd39-4d21-b116-da8f200641ad,,,,,False
400,080239db-ab44-4a0a-92ae-8b562889adf1,other,45.0,3.0,0.0,True
401,52963f9d-baa1-432b-a3be-f9518ef2df29,,,,,False
402,ad0e64c7-d365-4f41-9bce-1f8645b38b2e,portuguese,42.0,1.0,1.0,False
403,e815058b-50b6-4b78-9eab-2a15d859fcd8,portuguese,22.0,0.0,0.0,False
404,e6565251-cc88-4f66-a68d-8712d0add734,portuguese,24.0,2.0,0.0,True
405,cf9e8330-447d-45f7-b4fe-a8fbb0e899a7,,,,,False
406,496f677c-4344-4d85-bc7e-7315e88a65e5,portuguese,29.0,0.0,1.0,False
407,7fd44003-f416-4425-97ed-f1e490febece,,,,,False
408,43db7f5b-3b7b-4939-bfff-244e554b4033,portuguese,20.0,0.0,0.0,False
409,5c3ce5a9-4d7d-49f5-b200-06232af412b0,portuguese,18.0,1.0,3.0,True
410,22c9ba07-3463-4ff1-8bcb-80adfbaf7416,portuguese,24.0,0.0,0.0,False
411,9da5677b-7a28-4c1e-9cb7-bf668984f4db,portuguese,27.0,0.0,0.0,False
412,7b51013f-0bc4-414e-b558-9d32698bf140,portuguese,32.0,0.0,0.0,False
413,3fe4718b-5ac6-4b2b-a046-c861b5980e4c,portuguese,23.0,3.0,2.0,False
414,680d4573-3e05-49b9-83a4-31d7865d1d62,portuguese,22.0,1.0,0.0,False
415,7fe7a255-d9ef-40d6-a0a6-929909997442,portuguese,23.0,1.0,0.0,False
416,9fe68405-63ed-4cc6-9d9d-105620abaf74,portuguese,58.0,1.0,0.0,False
417,6feaa64b-3b90-49f6-98ec-6acec0c0366f,,,,,False
418,ef3610f0-3e84-4fa9-be9f-da459cd448da,,,,,False
419,6789b2d6-42f5-4a99-b3a9-10682d0763aa,portuguese,39.0,3.0,0.0,True
420,dd81327b-ae70-49e5-aae1-03886755f852,,,,,False
421,408668ba-9a02-4e02-8a75-8d8121c3667d,portuguese,44.0,3.0,3.0,True
422,5f3030e7-cea9-4d72-b08e-24db82228c96,portuguese,20.0,1.0,0.0,True
423,2ea926c9-e7b1-4f1e-bc4a-fb443c99c93f,portuguese,31.0,0.0,0.0,False
424,440029a2-fcff-4690-89e7-6690d620fd39,,,,,False
425,c58c98af-c41e-4c93-8bd3-401caa3a8992,portuguese,20.0,0.0,0.0,False
426,ad3e1695-7c15-4824-865f-b7676bf6842f,portuguese,20.0,1.0,0.0,False
427,170bed58-e55b-43b3-a4d6-b7e7185fca9b,,,,,False
428,5cd02747-849f-49ee-91e3-17536d27cfb7,portuguese,23.0,3.0,0.0,False
429,8deafc13-edc7-4406-9965-b55f07699bae,,,,,False
430,22a74439-f2d2-43e3-90ec-9b0f455a030a,portuguese,54.0,3.0,1.0,False
431,8b96ee10-ba41-4fe8-893d-173dae90841b,portuguese,32.0,3.0,3.0,False
432,7beec4a0-66ef-42dc-9e24-c9c2fdc33bb5,portuguese,23.0,0.0,0.0,True
433,99c0aa9a-3aa8-4c91-9c72-5c46141b3b86,,,,,False
434,070e700b-5087-49e7-bde3-ea2f3697de0a,portuguese,32.0,0.0,0.0,True
435,4e6ac6b1-6536-4171-bd9d-fbead474ee7c,portuguese,20.0,0.0,0.0,False
436,d6ea111e-1cf0-42a6-9b1f-3f97f42c4382,portuguese,43.0,0.0,0.0,False
437,517aa3a0-bffa-4d01-b06f-61ec3a49ee39,portuguese,57.0,3.0,3.0,False
438,3298762c-81c6-4d87-a2ff-cd298f7b090d,,,,,False
439,8e04d970-fd87-455b-9153-948906eda3e3,portuguese,23.0,0.0,0.0,False
440,4c382961-1029-454e-8ed3-57a4020f781f,portuguese,23.0,0.0,1.0,False
441,073624b5-2d2f-4ca9-9440-2cdc63924bf7,portuguese,21.0,1.0,1.0,False
442,46f84934-f06d-472d-8875-bd4ae49af698,,,,,False
443,5ab9e784-f288-4bd9-9314-d5ff994dcbd1,,,,,False
444,ececc847-2ffc-4313-a68f-c743e83fed98,portuguese,26.0,3.0,0.0,False
445,469d93c3-4925-4ae9-b625-51da23eafad7,,,,,False
446,43bdcee3-efd1-4191-8bf0-5715191841cd,portuguese,48.0,1.0,2.0,False
447,858dca32-1c37-4017-a732-0b51927a970d,portuguese,39.0,0.0,0.0,False
448,a352c5cb-98bb-4043-9dfa-54138f224f45,portuguese,56.0,0.0,0.0,False
449,400a0492-ae69-44da-9cfb-5333bb635d8f,portuguese,21.0,0.0,0.0,False
450,2e8f67ac-96cd-4144-8157-7a11f132a9e9,portuguese,65.0,0.0,0.0,False
451,9443faf7-cb91-4bfa-b17f-8f5ec8647432,portuguese,39.0,3.0,3.0,False
452,e76f6eb9-13dd-41f9-8644-76d0581d44e8,portuguese,61.0,0.0,1.0,False
453,5d2b276b-a8a2-45d2-a7dc-f6093f807864,portuguese,20.0,3.0,3.0,True
454,18143bb8-8cbf-467e-bf13-0c1518231390,portuguese,26.0,0.0,0.0,False
455,13fe3fe7-857f-46ba-8bbc-ae7de547c5f3,portuguese,60.0,3.0,3.0,True
456,0eda9c9e-34dc-4d27-bc48-849cfce7191d,portuguese,26.0,0.0,0.0,True
457,904eb171-4287-4547-bb95-5150a6fbeff0,,,,,False
458,29366541-fc8c-4000-8155-c0cb5327f11a,,,,,False
459,c93dc3c3-3768-4e3e-96dc-adcca7efbff1,portuguese,66.0,3.0,3.0,False
460,8f12637a-3e81-4701-b44e-75128851452f,portuguese,37.0,3.0,3.0,False
461,ae40a6e3-61bf-496a-97a5-12495ecf72ad,portuguese,37.0,0.0,0.0,False
462,9780f9fe-5870-4222-9269-2c6ef9ad9138,,,,,False
463,f0c12e74-d6d7-4d34-9044-c16b89c2ca1c,portuguese,14.0,3.0,3.0,True
464,fac40959-24b7-40a1-a6c5-5fa42f3de8d8,portuguese,21.0,1.0,0.0,False
465,6bd797b4-fa32-40f1-b600-6537f391e9a6,portuguese,20.0,0.0,0.0,False
466,07feeb1b-ab1b-4759-8bca-a97ade1ceaf4,,,,,False
467,445a6561-a021-43f9-b17e-f7f5d4ad6c42,,,,,False
468,ad5abaf0-c1d6-485a-bc9b-85e2dd977c36,portuguese,23.0,0.0,0.0,False
469,e060efc5-22a1-483d-a60f-fbafee5e11f7,portuguese,50.0,1.0,3.0,False
470,4368da31-f3ea-41fe-b0c9-4043f7dc90fc,portuguese,18.0,2.0,1.0,False
471,b7900ab6-e66b-475c-a836-6ab34169de66,portuguese,20.0,0.0,0.0,True
472,cbb330da-fef6-4c35-b5b6-08eed9eee2d9,portuguese,57.0,0.0,0.0,False
473,e9008aa4-34b0-4517-8377-f8d3d7b70f03,,,,,False
474,08544cad-d4d9-42f0-ac63-ea7e1a857a18,,,,,False
475,48d4ee77-5d46-4518-8f8d-7001d51a0042,portuguese,26.0,0.0,0.0,True
476,4cdc3f01-4a51-418f-841d-677feadb11f6,portuguese,20.0,2.0,0.0,True
477,6d9f61e7-9c68-4c57-9dfb-b68b94fb4cf7,,,,,False
478,8f388d55-4b38-41ce-98f6-33f522ba5b90,,,,,False
479,29ad66ac-a67f-47bc-a39e-8238f1458e32,portuguese,20.0,1.0,0.0,False
480,45e9351f-f09e-4cfa-b2d8-c397cafbe2b2,portuguese,20.0,0.0,0.0,False
481,fe0beb9a-c9da-4009-a11c-8049c4cc6680,portuguese,36.0,0.0,0.0,False
482,7df5e8e9-1bb7-4e7f-bf1b-b9abc9a41442,portuguese,20.0,0.0,0.0,False
483,dbf36793-fade-4f06-ba0c-08b01fb1ef5a,portuguese,55.0,0.0,0.0,False
484,3e705d8a-eb15-4fe9-a811-7f32b72b505e,,,,,False
485,752f75e6-642a-4893-9545-d057a5af4e67,,,,,False
486,636569cc-869d-4b7a-bfdc-9c78383eeff1,portuguese,35.0,1.0,0.0,False
487,146251d3-10ae-431f-be43-6a9a789e5078,,,,,False
488,92eacdfd-0949-4237-850a-d3134a4b2f68,portuguese,39.0,2.0,0.0,True
489,9c32e753-99f5-42cd-b77f-73556a14f14d,portuguese,36.0,3.0,3.0,True
490,7cf454bb-e745-4069-b449-1a5d235c1a3a,portuguese,43.0,0.0,0.0,False
491,23120482-189a-41f3-be8e-8bcdbc8af179,,,,,False
492,d9a83c94-f75c-4708-a7d7-f7ada0a65fb8,,,,,False
493,4f2cafb3-f1fc-4414-8b9c-53d524bf6a92,portuguese,23.0,0.0,0.0,True
494,9ed70d41-2055-4d22-8090-a4cf6bd2f04f,portuguese,21.0,0.0,0.0,False
495,01280478-2c59-4333-bdd5-8ff26fa7c218,portuguese,55.0,0.0,0.0,False
496,c9eb0f7c-1b43-4dcd-bc9c-abc22e4b24b3,,,,,False
497,dfc14221-69a9-484b-bda8-bacdd8a8d90e,portuguese,72.0,0.0,0.0,False
498,d90038b2-f215-4f40-8fd3-6ad6d9b92240,,,,,False
499,dcb467fb-62ce-40ee-842f-d82d7d2c04a2,portuguese,59.0,0.0,0.0,False
500,a31f70e2-fcd4-4dc6-a26e-3699445e53e7,portuguese,47.0,0.0,0.0,True
501,14c5d65b-ebc3-43dd-8544-460684e86b45,,,,,False
502,15d654ec-6287-4a06-b172-fea4146788f5,portuguese,19.0,0.0,0.0,False
503,2f7446bc-ab02-40d4-867a-eb8120666dfe,portuguese,41.0,3.0,3.0,True
504,0f5e0372-cd9e-48c1-8f9c-56de55c56211,,,,,False
505,2afcc1ae-5bed-4709-86e9-f1cb6a1233f5,portuguese,19.0,3.0,2.0,True
506,9f5f828c-d0e5-41af-b4c9-560e28514940,,,,,False
507,949068c7-7446-45e8-8d44-e7066ad12315,portuguese,27.0,0.0,0.0,True
508,c275dc55-808f-4e1b-abe4-9f320e321ece,,,,,False
509,62beb47d-d727-4024-a11e-607d7847cfed,portuguese,18.0,0.0,0.0,False
510,151478ab-6a8f-4907-abd6-8107b6609c4a,portuguese,24.0,1.0,3.0,False
511,7464ca87-7f89-4326-b34a-43eca391ac6e,portuguese,19.0,0.0,0.0,False
512,a6fe9b55-c41c-4a2d-af18-fbe5f330f2be,,,,,False
513,10f0994f-a102-483d-987a-e3849b74b980,portuguese,21.0,0.0,0.0,False
514,19776a48-0497-4932-8bc1-1cf4a24ee4ef,portuguese,72.0,1.0,1.0,True
515,b9535923-75c9-49b0-b431-ebc94b0875d9,,,,,False
516,1a9bd308-af7b-444d-9c28-9620ee321d2d,portuguese,62.0,3.0,2.0,True
517,5b632493-5907-4281-b27d-2c5c7fceed4b,portuguese,65.0,3.0,3.0,False
518,8a3d4286-e9c7-4dbc-a2e2-24d885c6d8f0,english,50.0,3.0,1.0,True
519,50c11831-9d1e-4cbb-8a3a-c0e316cb1e2a,english,28.0,0.0,0.0,True
520,de9a2b9c-21ac-4d94-9b6d-f32f8ef5b9cd,,,,,False
521,acf393c3-8a8f-460a-8425-f138667aef22,,,,,False
522,bb3b52d1-1cf5-47b6-8a2e-b1059ef6e97e,english,52.0,3.0,1.0,False
523,a7e40ece-34f7-458e-9282-721d5a849c5f,english,31.0,0.0,0.0,False
524,da725a4c-9761-4f88-bd26-f4b7b09566b2,,,,,False
525,25f6dfc4-24d9-4351-9084-2e63b525b971,english,56.0,0.0,0.0,False
526,123d755c-5aaa-4f25-81de-70077e83b03c,,,,,False
527,e6526226-753e-45a4-8a3a-de55446d7341,portuguese,28.0,0.0,0.0,False
528,7201e1f6-d53c-4ec8-a78b-a4f210bf9745,portuguese,28.0,1.0,1.0,True
529,5c1c939d-26cc-4c57-b97a-1a7f7f7d37d5,,,,,False
530,1164e20a-5dbd-460d-b6ca-f76259215746,,,,,False
531,1c40130e-db29-459c-9aaf-e77293ae93fc,english,26.0,1.0,0.0,False
532,b7915728-c184-4d1b-b1c8-7c4e7a9c0062,english,20.0,0.0,0.0,False
533,e0155c0f-d26f-4e84-9d80-06529a33397a,english,40.0,3.0,0.0,False
534,e72bcad6-6187-42dd-904d-e3feb64bd2d0,english,52.0,0.0,0.0,False
535,fda9631a-0a84-4fd7-ac9d-be800caef578,english,35.0,0.0,0.0,False
536,156f3f23-9b8e-4611-84c6-6b845f98eb7a,,,,,False
537,0d12a520-6ed8-454f-ab73-22a457ff7cfd,english,69.0,0.0,0.0,False
538,e4dbfd73-150f-4014-9074-a20f4eb5f96c,english,42.0,3.0,3.0,False
539,e3135eb7-103b-4815-882a-600bc872c28c,,,,,False
540,9d938855-fb74-4af4-8124-94612c88f87e,english,35.0,1.0,1.0,False
541,65892855-ed22-44bd-b840-436b02753f47,english,36.0,0.0,0.0,False
542,f086be28-6fbc-40c4-a7fe-27b4874f7270,english,33.0,1.0,2.0,True
543,cbb60f41-612f-432a-9a41-fa20f47c93fe,,,,,False
544,91f74d23-ef56-4a1c-b39b-aeab2fc9d4e8,english,45.0,0.0,0.0,False
545,de80798b-8eb7-45da-805c-ebb51d6f9ff6,english,37.0,0.0,0.0,False
546,487c790c-2249-45ac-b5d5-22ad1651a0b7,english,47.0,0.0,0.0,False
547,1346687b-e13c-4dcc-af97-1d4264e80c83,english,59.0,1.0,3.0,True
548,c7ef1566-71db-4a44-b63d-93ce3a316b8b,,,,,False
549,4fd005f1-87c1-414c-9158-770895352ed5,english,36.0,0.0,0.0,False
550,899300c2-0954-4153-922c-f1d2fa9b9a06,english,20.0,3.0,2.0,False
551,a0cbb695-4ec5-494d-9c43-975efbd9ae0c,english,62.0,0.0,0.0,False
552,2e768c1c-adbe-4696-8db7-968cf5efdbc6,english,36.0,1.0,0.0,False
553,2a93c987-6b5d-497d-824c-00f51b1753fc,english,42.0,0.0,0.0,False
554,f927c746-03fc-42bc-bafb-5df5f0b0847c,english,48.0,1.0,1.0,True
555,b0267ead-64e4-4dc8-a129-d6db3bfb81d5,english,51.0,3.0,3.0,False
556,2ff460b1-90bc-4380-8ed1-479338e8cd94,english,52.0,0.0,1.0,True
557,aed97459-efbd-4a8a-8ab6-62673cf8fca0,english,26.0,0.0,0.0,False
558,b36aafe2-c581-4bc8-9fcd-10b455681e5b,english,20.0,0.0,0.0,True
559,ef7b0531-12d7-47cb-be95-798fb149816a,english,20.0,0.0,0.0,True
560,e0cfe333-0f9a-439f-8d40-de7fed0134cc,english,37.0,0.0,0.0,False
561,5b184a9d-bf23-4314-a594-5506b13b2b46,english,23.0,1.0,1.0,False
562,0fdb8283-bee9-467d-b254-cfc432926644,english,37.0,0.0,0.0,False
563,b52413a0-24b5-482c-bcaf-6d087b5fced2,english,19.0,0.0,1.0,True
564,2f90aa75-7719-4fe9-a5e3-7f8fdba64b04,english,52.0,0.0,1.0,True
565,a6061e5d-004c-48ec-b201-eac5b4cbaade,portuguese,29.0,3.0,3.0,True
566,59b15aab-53e1-45bc-a9a0-6e6111a33cf6,english,56.0,0.0,0.0,False
567,78032916-6e38-4752-ad5f-99aef2e88791,english,62.0,0.0,1.0,True
568,63ff62c9-64cd-43ff-8985-b89dc81d279d,english,49.0,1.0,1.0,False
569,4a1abca4-5cb9-45cf-9462-7a2d3591ac31,english,52.0,1.0,0.0,False
570,186419c6-5fc0-45b5-8711-2ca3057a6138,english,19.0,0.0,1.0,True
571,7bee87a5-7e53-4a0f-bf2a-f4901e2ad897,english,66.0,0.0,1.0,True
572,6744fe99-caf1-4a67-bc10-0cb15441edcb,english,39.0,1.0,0.0,False
573,5824a478-7137-481a-9b98-4752997e86af,english,59.0,0.0,0.0,False
574,f5768ba5-d5a7-47f7-8079-a3a692425674,spanish,23.0,0.0,0.0,False
575,73a05d16-c4a0-4342-b6bd-c9bd047a3e57,english,55.0,0.0,0.0,False
576,0c26c488-fcb2-4d87-b8a2-49def764718e,english,55.0,0.0,0.0,False
577,dffc0bdb-9002-4685-be66-6e9f35d87730,english,55.0,0.0,0.0,False
578,bf50459a-3944-4eed-af5e-cf1977df95b4,english,54.0,3.0,0.0,True
579,80bb6b75-116a-4f1d-8546-29a849fb1ffa,english,40.0,3.0,3.0,False
580,b3113593-0c5a-48b2-a0b0-b9f19f3783ab,portuguese,29.0,0.0,0.0,False
581,b314a5d1-4fb6-4566-aa07-6fc4e704687f,english,26.0,0.0,0.0,True
582,be73d8fa-a31a-445f-88e2-b83b65883689,portuguese,19.0,0.0,0.0,False
583,a18258ce-d29f-4ed2-b03d-5680bdd7a15b,english,19.0,1.0,1.0,False
584,20a85351-152c-4348-9515-d329d9b2bd69,english,46.0,0.0,0.0,True
585,cf143c6b-ca58-465d-a42e-80fe72711888,english,27.0,1.0,1.0,False
586,40ba610c-51a0-4e06-9534-247fdde565af,portuguese,68.0,0.0,0.0,False
587,1513697a-f256-46ca-8d02-23024f79561e,,,,,False
588,986221f1-7337-4541-92d4-e691c7ff30c0,,,,,False
589,5997a819-4fe6-4e58-90f0-c5a7239a2736,portuguese,34.0,1.0,0.0,False
590,2256d501-2caa-433e-9037-87b194f0d640,,,,,False
591,3d25bff3-9d6d-437d-92d9-cde2d6ab638b,,,,,False
592,81c6779e-3b11-48eb-9640-7ceba9bf20c2,,,,,False
593,eda309d7-9bfb-47d0-b441-c11fd7301dfa,portuguese,65.0,1.0,0.0,False
594,541d13ba-203d-4bfb-b110-62c125a6c3ee,,,,,False
595,ff8ebd1e-85b2-4e09-8e9d-103fa6a73650,portuguese,24.0,1.0,0.0,False
596,5877d6ee-f2d9-4582-877b-4c86953c2e11,portuguese,45.0,0.0,0.0,False
597,da82004a-f144-429a-bf9c-3cba040d12fd,,,,,False
598,535cfd43-b8c8-490b-a36b-3d8d45663ce0,portuguese,22.0,0.0,0.0,False
599,4ddcb108-943a-44ae-bd1b-1c57836cfebd,,,,,False
600,6f568441-20a5-4998-a95d-f29e2a1eb1cd,,,,,False
601,b774d9c6-b8a7-4e0b-a652-476a5f2508fc,,,,,False
602,2972300c-c863-4360-b547-5d1d2ae296c3,,,,,False
603,87eba890-4c12-49f4-b0f8-e1e5d1446485,english,33.0,0.0,0.0,False
604,8260b69d-93b1-4acd-8d1f-f947b633ff82,english,23.0,1.0,0.0,False
605,22d8cdd1-1993-4637-90b5-c2a3631ec1f2,english,32.0,1.0,0.0,False
606,57c6fab2-202d-4e59-bbb0-d3de3aa9771d,english,58.0,0.0,0.0,False
607,a046cb29-24cf-4a98-bb89-a9d6cb22abfb,english,52.0,0.0,0.0,False
608,356754b0-16d3-4fc2-ac91-282a8c0554c8,english,28.0,2.0,0.0,True
609,2ac75229-6b6d-45ae-b47f-5ccddf28b758,english,34.0,2.0,2.0,True
610,0526c2e5-3b97-49f7-aa95-b7305b5a7280,english,28.0,0.0,1.0,True
611,36d57754-32e7-4d80-bf75-c638b3c0dd12,english,61.0,3.0,0.0,True
612,941e20e3-0f61-43e4-aac8-e8755bd3d1ed,english,44.0,0.0,3.0,False
613,b50f1970-39cc-4ad1-a943-16f3ab6c5cd2,english,50.0,0.0,0.0,True
614,03dbfbfa-b9f9-4c3f-a9f4-7ab9a46bfd59,english,22.0,1.0,0.0,False
615,efa3039a-606a-4bdc-a67a-64e3f0be753b,english,39.0,0.0,0.0,False
616,9104b6f0-12c7-4be4-8fdc-62bff7d53755,english,34.0,0.0,0.0,False
617,f8716e43-4350-4519-aed4-1bc11a8231cb,english,28.0,1.0,3.0,False
618,bc926e30-5009-4c27-8fdc-16ed975e6aad,english,53.0,0.0,0.0,False
619,e0034017-625f-407b-a6cd-325aa96b4b78,english,31.0,1.0,1.0,True
620,b91f001d-f778-4394-8ac3-0a9f632554ca,english,21.0,0.0,0.0,True
621,cc213387-00fe-421f-8335-1f321fbaf884,english,45.0,1.0,1.0,False
622,8a510df9-3002-4245-b5d1-45264d39c9e2,english,35.0,0.0,0.0,False
623,62af8381-033f-4b7b-a2d9-34aea027b3a4,,,,,False
624,569787bc-8833-48c8-a4fa-4d28ce25eb8e,,,,,False
625,13fa816d-e606-4f8a-9872-7465e9849049,english,35.0,0.0,0.0,True
626,c46a47be-319e-4dfd-a2b0-3febaab58c1d,english,42.0,0.0,0.0,True
627,869463ec-a896-401c-ac0b-618ee12ff40d,english,32.0,3.0,3.0,True
628,86396fd7-92f0-4105-abdb-218c3c1813af,english,37.0,0.0,0.0,False
629,a9a94642-3d11-42c6-92d4-3da172936dba,english,70.0,0.0,0.0,False
630,120672e1-0c25-42d7-bda0-9a5c9a910b0a,english,33.0,0.0,0.0,False
631,51f37eea-9fd9-4d86-b764-5bdb5d17c9f7,english,42.0,3.0,0.0,False
632,aa26ba2b-8074-4ee4-bc82-97dee512ba81,english,37.0,1.0,1.0,True
633,913fa066-8c12-44fb-b76e-533826f3b3d8,english,41.0,3.0,3.0,False
634,51eaaa9d-d56a-4f5e-b132-b6908a9bd856,english,26.0,0.0,0.0,True
635,55d6addd-cf2a-4bf5-b66c-29ec8aa8d009,,,,,False
636,5aac3541-2623-4600-b6ec-11ddef2e2bdd,english,41.0,0.0,1.0,False
637,77acf240-7fd5-4588-9863-45acbf785e23,english,54.0,0.0,0.0,False
638,067bfb6b-6fe9-4124-b8de-8f48c78154d6,,,,,False
639,ef922613-a156-44c6-abfd-60d036b4d8bb,english,49.0,0.0,0.0,False
640,d5993d0d-ca59-4dd9-96c0-9e49235efdcd,english,33.0,0.0,0.0,False
641,304902f6-d574-403e-bd98-6ef250d8147f,english,32.0,0.0,0.0,False
642,4767e55b-e5b4-4bc9-9c28-37e95e8d869e,english,54.0,1.0,1.0,False
643,ac23ebc7-7c3f-42f2-af6c-1617ee36263c,english,33.0,1.0,0.0,True
644,b93df501-f4dc-47b5-ba59-4aa03293b670,other,51.0,0.0,0.0,False
645,348e4b8a-75ee-425f-b609-2b096e700d0d,english,27.0,0.0,0.0,False
646,34e8ceaa-07c6-486b-ad7f-f3c0f743ae9d,english,49.0,0.0,0.0,True
647,bb192a0c-b9fb-4508-bda6-c430b9f2411a,english,30.0,0.0,0.0,False
648,4754c547-67be-4b8e-81d4-30eeb5c8bbf4,english,62.0,1.0,0.0,False
649,4143d470-927f-45d1-9a5e-4bd3db7cfe78,english,34.0,0.0,0.0,True
650,8a92a427-417b-47c8-9565-897f5481fee4,english,36.0,0.0,0.0,False
651,53d6d0f8-37ef-45be-8d1c-2fbe9aeb72fd,english,38.0,0.0,3.0,False
652,09c6b4d7-9211-4580-b7b8-a50edd095b32,english,47.0,0.0,0.0,True
653,a876ebc7-5ef2-47d6-83e2-6655a0abd958,english,62.0,0.0,0.0,False
654,b8798542-dd53-4354-b9c0-734ebad07a62,english,29.0,0.0,0.0,False
655,150d6620-a110-4611-b9f4-223e3d2bb490,english,37.0,0.0,0.0,False
656,e292fdf7-86fc-4c3f-a954-567f6cb35ece,english,74.0,3.0,1.0,True
657,499a738f-fae3-4a1d-987c-6a5cdc546980,english,28.0,0.0,0.0,True
658,cc584886-2f7f-47ca-b0eb-1dc661bcb3e8,,,,,False
659,5d49512f-0338-4993-bf81-d55639bef1f9,,,,,False
660,9d2947c7-4668-4444-81d0-c7d2854f7143,portuguese,20.0,0.0,0.0,False
